<?xml version="1.0" encoding="UTF-8"?>
<!--
/*
###############################################################################
# If you use PhysiCell in your project, please cite PhysiCell and the version #
# number, such as below:                                                      #
#                                                                             #
# We implemented and solved the model using PhysiCell (Version x.y.z) [1].    #
#                                                                             #
# [1] A Ghaffarizadeh, R Heiland, SH Friedman, SM Mumenthaler, and P Macklin, #
#     PhysiCell: an Open Source Physics-Based Cell Simulator for Multicellu-  #
#     lar Systems, PLoS Comput. Biol. 14(2): e1005991, 2018                   #
#     DOI: 10.1371/journal.pcbi.1005991                                       #
#                                                                             #
# See VERSION.txt or call get_PhysiCell_version() to get the current version  #
#     x.y.z. Call display_citations() to get detailed information on all cite-#
#     able software used in your PhysiCell application.                       #
#                                                                             #
# Because PhysiCell extensively uses BioFVM, we suggest you also cite BioFVM  #
#     as below:                                                               #
#                                                                             #
# We implemented and solved the model using PhysiCell (Version x.y.z) [1],    #
# with BioFVM [2] to solve the transport equations.                           #
#                                                                             #
# [1] A Ghaffarizadeh, R Heiland, SH Friedman, SM Mumenthaler, and P Macklin, #
#     PhysiCell: an Open Source Physics-Based Cell Simulator for Multicellu-  #
#     lar Systems, PLoS Comput. Biol. 14(2): e1005991, 2018                   #
#     DOI: 10.1371/journal.pcbi.1005991                                       #
#                                                                             #
# [2] A Ghaffarizadeh, SH Friedman, and P Macklin, BioFVM: an efficient para- #
#     llelized diffusive transport solver for 3-D biological simulations,     #
#     Bioinformatics 32(8): 1256-8, 2016. DOI: 10.1093/bioinformatics/btv730  #
#                                                                             #
###############################################################################
#                                                                             #
# BSD 3-Clause License (see https://opensource.org/licenses/BSD-3-Clause)     #
#                                                                             #
# Copyright (c) 2015-2018, Paul Macklin and the PhysiCell Project             #
# All rights reserved.                                                        #
#                                                                             #
# Redistribution and use in source and binary forms, with or without          #
# modification, are permitted provided that the following conditions are met: #
#                                                                             #
# 1. Redistributions of source code must retain the above copyright notice,   #
# this list of conditions and the following disclaimer.                       #
#                                                                             #
# 2. Redistributions in binary form must reproduce the above copyright        #
# notice, this list of conditions and the following disclaimer in the         #
# documentation and/or other materials provided with the distribution.        #
#                                                                             #
# 3. Neither the name of the copyright holder nor the names of its            #
# contributors may be used to endorse or promote products derived from this   #
# software without specific prior written permission.                         #
#                                                                             #
# THIS SOFTWARE IS PROVIDED BY THE COPYRIGHT HOLDERS AND CONTRIBUTORS "AS IS" #
# AND ANY EXPRESS OR IMPLIED WARRANTIES, INCLUDING, BUT NOT LIMITED TO, THE   #
# IMPLIED WARRANTIES OF MERCHANTABILITY AND FITNESS FOR A PARTICULAR PURPOSE  #
# ARE DISCLAIMED. IN NO EVENT SHALL THE COPYRIGHT HOLDER OR CONTRIBUTORS BE   #
# LIABLE FOR ANY DIRECT, INDIRECT, INCIDENTAL, SPECIAL, EXEMPLARY, OR         #
# CONSEQUENTIAL DAMAGES (INCLUDING, BUT NOT LIMITED TO, PROCUREMENT OF        #
# SUBSTITUTE GOODS OR SERVICES; LOSS OF USE, DATA, OR PROFITS; OR BUSINESS    #
# INTERRUPTION) HOWEVER CAUSED AND ON ANY THEORY OF LIABILITY, WHETHER IN     #
# CONTRACT, STRICT LIABILITY, OR TORT (INCLUDING NEGLIGENCE OR OTHERWISE)     #
# ARISING IN ANY WAY OUT OF THE USE OF THIS SOFTWARE, EVEN IF ADVISED OF THE  #
# POSSIBILITY OF SUCH DAMAGE.                                                 #
#                                                                             #
###############################################################################
*/
--> 

<!--
<user_details />
-->

<PhysiCell_settings version="devel-version">
	<domain>
		<x_min>-2880</x_min>
		<x_max>2880</x_max>
		<y_min>-512</y_min>
		<y_max>512</y_max>
		<z_min>-2880</z_min>
		<z_max>2880</z_max>
		<dx>32</dx>
		<dy>32</dy>
		<dz>32</dz>
		<use_2D>false</use_2D>
	</domain>
	
	<overall>
		<max_time units="min">8640</max_time> <!-- 6 days * 24 h * 60 min -->
		<time_units>min</time_units>
		<space_units>micron</space_units>
	
		<dt_diffusion units="min">0.01</dt_diffusion>
		<dt_mechanics units="min">0.1</dt_mechanics>
		<dt_phenotype units="min">6</dt_phenotype>	
	</overall>
	
	<parallel>
		<omp_num_threads>4</omp_num_threads>
	</parallel> 
	
	<save>
		<folder>output</folder> <!-- use . for root --> 

		<full_data>
			<interval units="min">60</interval>
			<enable>true</enable>
		</full_data>
		
		<SVG>
			<interval units="min">120</interval>
			<enable>false</enable>
		</SVG>
		
		<legacy_data>
			<enable>false</enable>
		</legacy_data>
	</save>
	
	<microenvironment_setup>
		<variable name="oxygen" units="mmHg" ID="0">
			<physical_parameter_set>
				<diffusion_coefficient units="micron^2/min">108000.0</diffusion_coefficient>
				<decay_rate units="1/min">0.0</decay_rate> 
			</physical_parameter_set>
			<initial_condition units="mmHg">38.0</initial_condition>
			<Dirichlet_boundary_condition units="mmHg" enabled="false">38.0</Dirichlet_boundary_condition>
                <boundary_value ID="ymax" enabled="true">38.0</boundary_value>
		</variable>
		
		<variable name="glucose" units="mMolar" ID="1">
			<physical_parameter_set>
				<diffusion_coefficient units="micron^2/min">30000.0</diffusion_coefficient> <!--https://www.ncbi.nlm.nih.gov/pubmed/7597991 -->
				<decay_rate units="1/min">0.0</decay_rate> 
			</physical_parameter_set>
			<initial_condition units="molar">16.897255</initial_condition>
			<Dirichlet_boundary_condition units="molar" enabled="false">0.0</Dirichlet_boundary_condition>
                <boundary_value ID="ymax" enabled="true">16.897255</boundary_value>
		</variable>		
        
		<variable name="glutamine" units="mMolar" ID="2">
			<physical_parameter_set>
				<diffusion_coefficient units="micron^2/min">30000.0</diffusion_coefficient>
				<decay_rate units="1/min">0.0</decay_rate> 
			</physical_parameter_set>
			<initial_condition units="molar">10.0</initial_condition>
			<Dirichlet_boundary_condition units="molar" enabled="false">0.0</Dirichlet_boundary_condition>
                <boundary_value ID="ymax" enabled="true">10.0</boundary_value>
		</variable>	        
		
		<variable name="lactate" units="mMolar" ID="3">
			<physical_parameter_set>
				<diffusion_coefficient units="micron^2/min">30000.0</diffusion_coefficient>
				<decay_rate units="1/min">0.0</decay_rate> 
			</physical_parameter_set>
			<initial_condition units="molar">0.0</initial_condition>
			<Dirichlet_boundary_condition units="molar" enabled="false">0.0</Dirichlet_boundary_condition>
                <boundary_value ID="ymax" enabled="false">0.0</boundary_value>
		</variable>				
		
		<options>
			<calculate_gradients>false</calculate_gradients>
			<track_internalized_substrates_in_each_agent>true</track_internalized_substrates_in_each_agent>
			<!-- not yet supported --> 
			<initial_condition type="matlab" enabled="false">
				<filename>./config/initial.mat</filename>
			</initial_condition>
			<!-- not yet supported --> 
			<dirichlet_nodes type="matlab" enabled="false">
				<filename>./config/dirichlet.mat</filename>
			</dirichlet_nodes>
		</options>
	</microenvironment_setup>		

	<cell_definitions>
		<cell_definition name="default" ID="0">
			<phenotype>
				<cycle code="5" name="live">  
                	<phase_transition_rates units="1/min"> 
						<rate start_index="0" end_index="0" fixed_duration="false">0.000072</rate>
					</phase_transition_rates>
				</cycle>
				<death>  
					<model code="100" name="apoptosis"> 
						<death_rate units="1/min">0</death_rate> <!-- 5.31667e-05 --> 
						<phase_transition_rates units="1/min">
							<rate start_index="0" end_index="1" fixed_duration="true">0.00193798</rate>
						</phase_transition_rates>
						<parameters>
							<unlysed_fluid_change_rate units="1/min">0.05</unlysed_fluid_change_rate>
							<lysed_fluid_change_rate units="1/min">0</lysed_fluid_change_rate>
							<cytoplasmic_biomass_change_rate units="1/min">1.66667e-02</cytoplasmic_biomass_change_rate>
							<nuclear_biomass_change_rate units="1/min">5.83333e-03</nuclear_biomass_change_rate>
							<calcification_rate units="1/min">0</calcification_rate>
							<relative_rupture_volume units="dimensionless">2.0</relative_rupture_volume>
						</parameters>
					</model> 

					<model code="101" name="necrosis">
						<death_rate units="1/min">0.0</death_rate>
						<phase_transition_rates units="1/min">
							<rate start_index="0" end_index="1" fixed_duration="false">9e9</rate>
							<rate start_index="1" end_index="2" fixed_duration="true">1.15741e-5</rate>
						</phase_transition_rates>
						<parameters>
							<unlysed_fluid_change_rate units="1/min">0.05</unlysed_fluid_change_rate>
							<lysed_fluid_change_rate units="1/min">0</lysed_fluid_change_rate>
							<cytoplasmic_biomass_change_rate units="1/min">1.66667e-02</cytoplasmic_biomass_change_rate>
							<nuclear_biomass_change_rate units="1/min">5.83333e-03</nuclear_biomass_change_rate>
							<calcification_rate units="1/min">0</calcification_rate>
							<relative_rupture_volume units="dimensionless">2.0</relative_rupture_volume>
						</parameters>
					</model> 
				</death>					

				<volume>  
					<total units="micron^3">2494</total>
					<fluid_fraction units="dimensionless">0.75</fluid_fraction>
					<nuclear units="micron^3">540</nuclear>
					
					<fluid_change_rate units="1/min">0.05</fluid_change_rate>
					<cytoplasmic_biomass_change_rate units="1/min">0.0045</cytoplasmic_biomass_change_rate>
					<nuclear_biomass_change_rate units="1/min">0.0055</nuclear_biomass_change_rate>
					
					<calcified_fraction units="dimensionless">0</calcified_fraction>
					<calcification_rate units="1/min">0</calcification_rate>
					
					<relative_rupture_volume units="dimensionless">2.0</relative_rupture_volume>
				</volume> 				
				
				<mechanics> 
					<cell_cell_adhesion_strength units="micron/min">0.4</cell_cell_adhesion_strength>
					<cell_cell_repulsion_strength units="micron/min">10.0</cell_cell_repulsion_strength>
					<relative_maximum_adhesion_distance units="dimensionless">1.25</relative_maximum_adhesion_distance>
					
					<options>
						<set_relative_equilibrium_distance enabled="false" units="dimensionless">1.8</set_relative_equilibrium_distance>
						<set_absolute_equilibrium_distance enabled="false" units="micron">15.12</set_absolute_equilibrium_distance>
					</options>
				</mechanics>
				
				<motility>  
					<speed units="micron/min">4</speed>
					<persistence_time units="min">5</persistence_time>
					<migration_bias units="dimensionless">0.7</migration_bias>
					
					<options>
						<enabled>false</enabled>
						<use_2D>true</use_2D>
					</options>
				</motility>

				<secretion>
                    <substrate name="oxygen">
						<secretion_rate units="1/min">0</secretion_rate>
						<secretion_target units="substrate density">1</secretion_target>
						<uptake_rate units="1/min">0</uptake_rate>
						<net_export_rate units="total substrate/min">0</net_export_rate> 
					</substrate> 
                    <substrate name="glucose">
						<secretion_rate units="1/min">0</secretion_rate>
						<secretion_target units="substrate density">1</secretion_target>
						<uptake_rate units="1/min">0</uptake_rate>
						<net_export_rate units="total substrate/min">0</net_export_rate> 
					</substrate> 
                    <substrate name="glutamine">
						<secretion_rate units="1/min">0</secretion_rate>
						<secretion_target units="substrate density">1</secretion_target>
						<uptake_rate units="1/min">0</uptake_rate>
						<net_export_rate units="total substrate/min">0</net_export_rate> 
					</substrate> 
                    <substrate name="lactate">
						<secretion_rate units="1/min">0</secretion_rate>
						<secretion_target units="substrate density">1</secretion_target>
						<uptake_rate units="1/min">0</uptake_rate>
						<net_export_rate units="total substrate/min">0</net_export_rate> 
					</substrate> 
				</secretion>
                <intracellular type="roadrunner">
					<sbml_filename>./config/CAF_Toy_Model.xml</sbml_filename>
                    <species substrate="lactate">Lactate</species>
				</intracellular>
			</phenotype>
			<custom_data>
				<organoid_number units="dimensionless">0.0</organoid_number>
				<oxygen_i_conc units="mmHg">0.0</oxygen_i_conc>
				<glucose_i_conc units="mMolar">0.0</glucose_i_conc>
				<glutamine_i_conc units="mMolar">0.0</glutamine_i_conc>
				<lactate_i_conc units="mMolar">0.0</lactate_i_conc>
				<energy units="a.u">0.0</energy>
			</custom_data>
		</cell_definition>
	
		<cell_definition name="fibroblast" parent_type="default" ID="1">
			<phenotype>
				<death>
					<model code="100" name="apoptosis"> 
						<death_rate units="1/min">0</death_rate>  
					</model> 
				</death>
				<volume>
					<total units="micron^3">113.1</total>
				</volume>
				<motility>  
					<options>
						<enabled>false</enabled>
					</options>
				</motility>
				<secretion>
                    <substrate name="lactate">
						<uptake_rate units="1/min">0.1</uptake_rate>
					</substrate> 
				</secretion>
                <intracellular type="roadrunner">
					<sbml_filename>./config/CAF_Toy_Model.xml</sbml_filename>
                    <species substrate="lactate">Lactate</species>
				</intracellular>
			</phenotype>
			<custom_data>
			</custom_data>
		</cell_definition>


		<cell_definition name="KRAS_negative" parent_type="default" ID="2">
			<phenotype>
				<mechanics> 
				</mechanics>
				<death>
					<model code="100" name="apoptosis"> 
						<death_rate units="1/min">0</death_rate>  
					</model> 
				</death>
				<volume>
					<total units="micron^3">522.03</total>
				</volume>
				<motility>  
					<speed units="micron/min">4</speed>
					<persistence_time units="min">5</persistence_time>
					<migration_bias units="dimensionless">0.70</migration_bias>
					<options>
						<enabled>false</enabled>
						<use_2D>true</use_2D>
					</options>
				</motility>
				<secretion>
                    <substrate name="oxygen">
						<uptake_rate units="1/min">0.5</uptake_rate>
					</substrate> 
                    <substrate name="glucose">
						<uptake_rate units="1/min">0.05</uptake_rate>
					</substrate> 
                    <substrate name="glutamine">
						<uptake_rate units="1/min">0.0005</uptake_rate>
					</substrate> 
                    <substrate name="lactate">
						<secretion_rate units="1/min">0.001</secretion_rate>
						<secretion_target units="substrate density">10</secretion_target>
					</substrate> 
				</secretion>
                <intracellular type="roadrunner">
					<sbml_filename>./config/CRC_Toy_Model.xml</sbml_filename>
                    <species substrate="oxygen">Oxygen</species>
                    <species substrate="glucose">Glucose</species>
				</intracellular>
			</phenotype>
			<custom_data>
			</custom_data>
		</cell_definition>

		<cell_definition name="KRAS_positive" parent_type="default" ID="3">
			<phenotype>
				<mechanics> 
				</mechanics>
				<death>
					<model code="100" name="apoptosis"> 
						<death_rate units="1/min">5e-4</death_rate>  
					</model> 
				</death>
				<volume>
					<total units="micron^3">522.03</total>
				</volume>
				<motility>  
					<speed units="micron/min">4</speed>
					<persistence_time units="min">5</persistence_time>
					<migration_bias units="dimensionless">0.70</migration_bias>
					<options>
						<enabled>false</enabled>
						<use_2D>true</use_2D>
					</options>
				</motility>
				<secretion>
                    <substrate name="oxygen">
						<uptake_rate units="1/min">0.5</uptake_rate>
					</substrate> 
                    <substrate name="glucose">
						<uptake_rate units="1/min">0.05</uptake_rate>
					</substrate> 
                    <substrate name="glutamine">
						<uptake_rate units="1/min">0.0005</uptake_rate>
					</substrate> 
                    <substrate name="lactate">
						<secretion_rate units="1/min">0.005</secretion_rate>
						<secretion_target units="substrate density">20</secretion_target>
					</substrate> 
				</secretion>
                <intracellular type="roadrunner">
					<sbml_filename>./config/CRC_Toy_Model.xml</sbml_filename>
                    <species substrate="oxygen">Oxygen</species>
                    <species substrate="glucose">Glucose</species>
				</intracellular>
			</phenotype>
			<custom_data>
			</custom_data>
		</cell_definition>
	</cell_definitions>

	<user_parameters>
		<random_seed type="int" units="dimensionless">0</random_seed> 
		
		<organoid_cell_persistence_time type="double" units="min">15</organoid_cell_persistence_time>
		<organoid_cell_migration_speed type="double" units="micron/min">0.25</organoid_cell_migration_speed> 
		<organoid_cell_relative_adhesion type="double" units="dimensionless">0.05</organoid_cell_relative_adhesion>
		<organoid_cell_apoptosis_rate type="double" units="1/min">0.0</organoid_cell_apoptosis_rate> 
		<organoid_cell_relative_cycle_entry_rate type="double" units="dimensionless">0.0141</organoid_cell_relative_cycle_entry_rate>
        <organoid_cell_seeding type="bool" units="none">true</organoid_cell_seeding>
		<organoid_cell_seeding_method type="int" units="none">3</organoid_cell_seeding_method>
        <number_of_organoids type="int" units="none">250</number_of_organoids>
		<percent_KRAS_positive type="double" units="none">0.25</percent_KRAS_positive>
        <initial_tumor_radius type="double" units="none">46.0</initial_tumor_radius>
		
        
        <fibroblast_apoptosis_rate type="double" units="1/min">0.0</fibroblast_apoptosis_rate>
        <fibroblast_seeding type="bool" units="none">true</fibroblast_seeding>
		<test_cell_seeding type="bool" units = "none">false</test_cell_seeding>
		<create_SBML type="bool" units="none">false</create_SBML>
		
	</user_parameters>
	
	
</PhysiCell_settings>
